image,label
image_1779.jpg,semi-nudity
image_1780.jpg,semi-nudity
image_1781.jpg,full-nudity
image_1782.jpg,full-nudity
image_1783.jpg,semi-nudity
image_1784.jpg,semi-nudity
image_1785.jpg,semi-nudity
image_1786.jpg,semi-nudity
image_1787.jpg,semi-nudity
image_1788.jpg,full-nudity
image_1789.jpg,full-nudity
image_1790.jpg,full-nudity
image_1791.jpg,full-nudity
image_1792.jpg,full-nudity
image_1793.jpg,full-nudity
image_1794.jpg,full-nudity
image_1795.jpg,full-nudity
image_1796.jpg,semi-nudity
image_1797.jpg,full-nudity
image_1798.jpg,full-nudity
image_1799.jpg,full-nudity
image_1800.jpg,semi-nudity
image_1801.jpg,full-nudity
image_1802.jpg,full-nudity
image_1803.jpg,semi-nudity
image_1804.jpg,semi-nudity
image_1805.jpg,semi-nudity
image_1806.jpg,full-nudity
image_1807.jpg,full-nudity
image_1808.jpg,full-nudity
image_1809.jpg,semi-nudity
image_1810.jpg,semi-nudity
image_1811.jpg,full-nudity
image_1812.jpg,semi-nudity
image_1813.jpg,semi-nudity
image_1814.jpg,full-nudity
image_1815.jpg,full-nudity
image_1816.jpg,full-nudity
image_1817.jpg,semi-nudity
image_1819.jpg,semi-nudity
image_1820.jpg,semi-nudity
image_1821.jpg,full-nudity
image_1822.jpg,semi-nudity
image_1823.jpg,full-nudity
image_1824.jpg,semi-nudity
image_1825.jpg,semi-nudity
image_1826.jpg,semi-nudity
image_1827.jpg,semi-nudity
image_1828.jpg,semi-nudity
image_1829.jpg,full-nudity
image_1830.jpg,full-nudity
image_1831.jpg,semi-nudity
image_1832.jpg,semi-nudity
image_1833.jpg,semi-nudity
image_1834.jpg,semi-nudity
image_1835.jpg,full-nudity
image_1836.jpg,semi-nudity
image_1837.jpg,full-nudity
image_1838.jpg,semi-nudity
image_1839.jpg,semi-nudity
image_1840.jpg,full-nudity
image_1841.jpg,semi-nudity
image_1842.jpg,full-nudity
image_1843.jpg,semi-nudity
image_1844.jpg,semi-nudity
image_1845.jpg,full-nudity
image_1846.jpg,semi-nudity
image_1847.jpg,full-nudity
image_1848.jpg,semi-nudity
image_1849.jpg,semi-nudity
image_1850.jpg,full-nudity
image_1851.jpg,semi-nudity
image_1852.jpg,full-nudity
image_1854.jpg,full-nudity
image_1855.jpg,full-nudity
image_1856.jpg,semi-nudity
image_1857.jpg,full-nudity
image_1858.jpg,semi-nudity
image_1859.jpg,semi-nudity
image_1860.jpg,full-nudity
image_1861.jpg,full-nudity
image_1862.jpg,full-nudity
image_1863.jpg,full-nudity
image_1864.jpg,full-nudity
image_1865.jpg,semi-nudity
image_1866.jpg,semi-nudity
image_1867.jpg,semi-nudity
image_1868.jpg,semi-nudity
image_1869.jpg,full-nudity
image_1870.jpg,semi-nudity
image_1871.jpg,semi-nudity
image_1872.jpg,full-nudity
image_1873.jpg,semi-nudity
image_1874.jpg,semi-nudity
image_1875.jpg,full-nudity
image_1876.jpg,full-nudity
image_1877.jpg,full-nudity
image_1878.jpg,semi-nudity
image_1879.jpg,full-nudity
image_1880.jpg,full-nudity
image_1882.jpg,semi-nudity
image_1883.jpg,full-nudity
image_1884.jpg,full-nudity
image_1886.jpg,semi-nudity
image_1887.jpg,semi-nudity
image_1888.jpg,semi-nudity
image_1889.jpg,full-nudity
image_1890.jpg,semi-nudity
image_1892.jpg,full-nudity
image_1893.jpg,full-nudity
image_1894.jpg,semi-nudity
image_1895.jpg,semi-nudity
image_1896.jpg,full-nudity
image_1897.jpg,semi-nudity
image_1898.jpg,semi-nudity
image_1899.jpg,semi-nudity
image_1900.jpg,full-nudity
image_1901.jpg,full-nudity
image_1902.jpg,full-nudity
image_1903.jpg,full-nudity
image_1904.jpg,full-nudity
image_1905.jpg,full-nudity
image_1906.jpg,full-nudity
image_1907.jpg,full-nudity
image_1908.jpg,full-nudity
image_1909.jpg,semi-nudity
image_1910.jpg,semi-nudity
image_1911.jpg,semi-nudity
image_1912.jpg,full-nudity
image_1913.jpg,semi-nudity
image_1914.jpg,semi-nudity
image_1915.jpg,full-nudity
image_1916.jpg,full-nudity
image_1917.jpg,full-nudity
image_1918.jpg,semi-nudity
image_1919.jpg,full-nudity
image_1920.jpg,semi-nudity
image_1921.jpg,semi-nudity
image_1922.jpg,full-nudity
image_1923.jpg,full-nudity
image_1924.jpg,full-nudity
image_1925.jpg,semi-nudity
image_1926.jpg,full-nudity
image_1927.jpg,full-nudity
image_1928.jpg,full-nudity
image_1929.jpg,full-nudity
image_1930.jpg,semi-nudity
image_1931.jpg,full-nudity
image_1932.jpg,full-nudity
image_1933.jpg,full-nudity
image_1934.jpg,semi-nudity
image_1935.jpg,full-nudity
image_1936.jpg,semi-nudity
image_1937.jpg,full-nudity
image_1938.jpg,semi-nudity
image_1939.jpg,full-nudity
image_1940.jpg,full-nudity
image_1941.jpg,full-nudity
image_1942.jpg,full-nudity
image_1943.jpg,full-nudity
image_1944.jpg,full-nudity
image_1945.jpg,full-nudity
image_1947.jpg,semi-nudity
image_1948.jpg,full-nudity
image_1949.jpg,full-nudity
image_1950.jpg,full-nudity
image_1951.jpg,full-nudity
image_1952.jpg,semi-nudity
image_1953.jpg,full-nudity
image_1954.jpg,full-nudity
image_1956.jpg,full-nudity
image_1957.jpg,semi-nudity
image_1958.jpg,semi-nudity
image_1959.jpg,full-nudity
image_1960.jpg,full-nudity
image_1961.jpg,semi-nudity
image_1962.jpg,semi-nudity
image_1963.jpg,full-nudity
image_1964.jpg,semi-nudity
image_1965.jpg,full-nudity
image_1966.jpg,full-nudity
image_1967.jpg,semi-nudity
image_1968.jpg,semi-nudity
image_1972.jpg,full-nudity
image_1973.jpg,full-nudity
image_1974.jpg,semi-nudity
image_1975.jpg,full-nudity
image_1976.jpg,semi-nudity
image_1977.jpg,semi-nudity
image_1978.jpg,semi-nudity
image_1979.jpg,semi-nudity
image_1980.jpg,semi-nudity
image_1981.jpg,full-nudity
image_1982.jpg,semi-nudity
image_1983.jpg,full-nudity
image_1984.jpg,full-nudity
image_1985.jpg,semi-nudity
image_1986.jpg,semi-nudity
image_1987.jpg,semi-nudity
image_1988.jpg,semi-nudity
image_1989.jpg,full-nudity
image_1990.jpg,semi-nudity
image_1991.jpg,full-nudity
image_1992.jpg,full-nudity
image_1993.jpg,semi-nudity
image_1994.jpg,semi-nudity
image_1995.jpg,semi-nudity
image_1996.jpg,semi-nudity
image_1997.jpg,full-nudity
image_1999.jpg,full-nudity
image_2000.jpg,full-nudity
image_2001.jpg,full-nudity
image_2002.jpg,semi-nudity
image_2003.jpg,full-nudity
image_2004.jpg,semi-nudity
image_2005.jpg,semi-nudity
image_2006.jpg,full-nudity
image_2007.jpg,full-nudity
image_2008.jpg,semi-nudity
image_2009.jpg,semi-nudity
image_2010.jpg,full-nudity
image_2011.jpg,full-nudity
image_2013.jpg,full-nudity
image_2014.jpg,semi-nudity
image_2015.jpg,semi-nudity
image_2016.jpg,full-nudity
image_2018.jpg,semi-nudity
image_2019.jpg,semi-nudity
image_2020.jpg,semi-nudity
image_2021.jpg,semi-nudity
image_2022.jpg,full-nudity
image_2023.jpg,semi-nudity
image_2024.jpg,semi-nudity
image_2025.jpg,semi-nudity
image_2026.jpg,semi-nudity
image_2027.jpg,full-nudity
image_2028.jpg,semi-nudity
image_2029.jpg,full-nudity
image_2030.jpg,full-nudity
image_2031.jpg,semi-nudity
image_2032.jpg,full-nudity
image_2033.jpg,full-nudity
image_2034.jpg,full-nudity
image_2035.jpg,semi-nudity
image_2036.jpg,semi-nudity
image_2037.jpg,full-nudity
image_2039.jpg,semi-nudity
image_2040.jpg,semi-nudity
image_2042.jpg,full-nudity
image_2043.jpg,full-nudity
image_2044.jpg,full-nudity
image_2045.jpg,semi-nudity
image_2046.jpg,full-nudity
image_2049.jpg,semi-nudity
image_2050.jpg,semi-nudity
image_2051.jpg,full-nudity
image_2052.jpg,semi-nudity
image_2053.jpg,semi-nudity
image_2054.jpg,full-nudity
image_2055.jpg,semi-nudity
image_2056.jpg,semi-nudity
image_2057.jpg,full-nudity
image_2058.jpg,semi-nudity
image_2059.jpg,full-nudity
image_2060.jpg,semi-nudity
image_2061.jpg,semi-nudity
image_2062.jpg,semi-nudity
image_2064.jpg,full-nudity
image_2065.jpg,semi-nudity
image_2066.jpg,full-nudity
image_2067.jpg,semi-nudity
image_2068.jpg,semi-nudity
image_2069.jpg,full-nudity
image_2070.jpg,full-nudity
image_2071.jpg,full-nudity
image_2072.jpg,semi-nudity
image_2073.jpg,full-nudity
image_2074.jpg,full-nudity
image_2076.jpg,full-nudity
image_2077.jpg,full-nudity
image_2078.jpg,full-nudity
image_2079.jpg,full-nudity
image_2080.jpg,semi-nudity
image_2081.jpg,full-nudity
image_2082.jpg,semi-nudity
image_2083.jpg,semi-nudity
image_2084.jpg,semi-nudity
image_2085.jpg,semi-nudity
image_2086.jpg,semi-nudity
image_2087.jpg,full-nudity
image_2088.jpg,semi-nudity
image_2089.jpg,semi-nudity
image_2091.jpg,semi-nudity
image_2092.jpg,semi-nudity
image_2093.jpg,full-nudity
image_2094.jpg,semi-nudity
image_2095.jpg,semi-nudity
image_2097.jpg,full-nudity
image_2098.jpg,semi-nudity
image_2099.jpg,full-nudity
image_2100.jpg,full-nudity
image_2101.jpg,semi-nudity
image_2102.jpg,full-nudity
image_2103.jpg,full-nudity
image_2104.jpg,semi-nudity
image_2105.jpg,semi-nudity
image_2106.jpg,semi-nudity
image_2107.jpg,full-nudity
image_2108.jpg,semi-nudity
image_2109.jpg,full-nudity
image_2110.jpg,full-nudity
image_2111.jpg,full-nudity
image_2112.jpg,semi-nudity
image_2113.jpg,full-nudity
image_2114.jpg,semi-nudity
image_2115.jpg,semi-nudity
image_2116.jpg,semi-nudity
image_2117.jpg,full-nudity
image_2118.jpg,semi-nudity
image_2119.jpg,full-nudity
image_2120.jpg,full-nudity
image_2121.jpg,semi-nudity
image_2124.jpg,semi-nudity
image_2125.jpg,full-nudity
image_2126.jpg,semi-nudity
image_2127.jpg,full-nudity
image_2128.jpg,full-nudity
image_2129.jpg,full-nudity
image_2130.jpg,full-nudity
image_2131.jpg,full-nudity
image_2132.jpg,full-nudity
image_2133.jpg,semi-nudity
image_2134.jpg,semi-nudity
image_2135.jpg,full-nudity
image_2136.jpg,semi-nudity
image_2138.jpg,full-nudity
image_2139.jpg,full-nudity
image_2140.jpg,full-nudity
image_2141.jpg,full-nudity
image_2142.jpg,full-nudity
image_2143.jpg,semi-nudity
image_2145.jpg,full-nudity
image_2146.jpg,full-nudity
image_2147.jpg,full-nudity
image_2148.jpg,full-nudity
image_2149.jpg,semi-nudity
image_2150.jpg,semi-nudity
image_2151.jpg,full-nudity
image_2153.jpg,semi-nudity
image_2154.jpg,semi-nudity
image_2155.jpg,full-nudity
image_2156.jpg,semi-nudity
image_2157.jpg,semi-nudity
image_2158.jpg,semi-nudity
image_2159.jpg,full-nudity
image_2160.jpg,full-nudity
image_2161.jpg,semi-nudity
image_2162.jpg,semi-nudity
image_2163.jpg,semi-nudity
image_2164.jpg,semi-nudity
image_2165.jpg,semi-nudity
image_2166.jpg,semi-nudity
image_2167.jpg,semi-nudity
image_2168.jpg,full-nudity
image_2169.jpg,full-nudity
image_2170.jpg,semi-nudity
image_2171.jpg,full-nudity
image_2172.jpg,full-nudity
image_2173.jpg,full-nudity
image_2174.jpg,full-nudity
image_2176.jpg,semi-nudity
image_2177.jpg,semi-nudity
image_2178.jpg,full-nudity
image_2179.jpg,semi-nudity
image_2180.jpg,semi-nudity
image_2181.jpg,full-nudity
image_2182.jpg,semi-nudity
image_2183.jpg,semi-nudity
image_2184.jpg,semi-nudity
image_2185.jpg,semi-nudity
image_2186.jpg,semi-nudity
image_2187.jpg,semi-nudity
image_2188.jpg,full-nudity
image_2189.jpg,semi-nudity
image_2190.jpg,full-nudity
image_2191.jpg,semi-nudity
image_2192.jpg,full-nudity
image_2193.jpg,full-nudity
image_2195.jpg,semi-nudity
image_2196.jpg,semi-nudity
image_2197.jpg,full-nudity
image_2199.jpg,full-nudity
image_2200.jpg,semi-nudity
image_2201.jpg,semi-nudity
image_2202.jpg,semi-nudity
image_2203.jpg,semi-nudity
image_2204.jpg,semi-nudity
image_2205.jpg,full-nudity
image_2206.jpg,full-nudity
image_2207.jpg,full-nudity
image_2208.jpg,semi-nudity
image_2209.jpg,full-nudity
image_2210.jpg,semi-nudity
image_2211.jpg,semi-nudity
image_2212.jpg,full-nudity
image_2213.jpg,full-nudity
image_2214.jpg,semi-nudity
image_2215.jpg,semi-nudity
image_2217.jpg,full-nudity
image_2218.jpg,full-nudity
image_2219.jpg,full-nudity
image_2220.jpg,full-nudity
image_2221.jpg,semi-nudity
image_2222.jpg,semi-nudity
image_2223.jpg,semi-nudity
image_2224.jpg,full-nudity
image_2226.jpg,full-nudity
image_2227.jpg,full-nudity
image_2228.jpg,semi-nudity
image_2229.jpg,full-nudity
image_2230.jpg,full-nudity
image_2231.jpg,semi-nudity
image_2232.jpg,semi-nudity
image_2233.jpg,full-nudity
image_2234.jpg,semi-nudity
image_2235.jpg,semi-nudity
image_2236.jpg,semi-nudity
image_2237.jpg,semi-nudity
image_2238.jpg,full-nudity
image_2239.jpg,semi-nudity
image_2241.jpg,semi-nudity
image_2242.jpg,semi-nudity
image_2243.jpg,full-nudity
image_2247.jpg,semi-nudity
image_2248.jpg,semi-nudity
image_2249.jpg,full-nudity
image_2250.jpg,full-nudity
image_2251.jpg,full-nudity
image_2252.jpg,semi-nudity
image_2253.jpg,full-nudity
image_2254.jpg,semi-nudity
image_2255.jpg,semi-nudity
image_2256.jpg,semi-nudity
image_2257.jpg,full-nudity
image_2258.jpg,semi-nudity
image_2259.jpg,full-nudity
image_2260.jpg,semi-nudity
image_2261.jpg,semi-nudity
image_2262.jpg,semi-nudity
image_2263.jpg,full-nudity
image_2264.jpg,full-nudity
image_2265.jpg,semi-nudity
image_2266.jpg,semi-nudity
image_2267.jpg,full-nudity
image_2268.jpg,semi-nudity
image_2269.jpg,semi-nudity
image_2270.jpg,full-nudity
image_2271.jpg,full-nudity
image_2272.jpg,full-nudity
image_2273.jpg,semi-nudity
image_2274.jpg,semi-nudity
image_2275.jpg,semi-nudity
image_2276.jpg,full-nudity
image_2277.jpg,full-nudity
image_2278.jpg,full-nudity
image_2279.jpg,full-nudity
image_2280.jpg,semi-nudity
image_2281.jpg,semi-nudity
image_2283.jpg,full-nudity
image_2284.jpg,semi-nudity
image_2285.jpg,semi-nudity
image_2286.jpg,semi-nudity
image_2287.jpg,semi-nudity
image_2288.jpg,full-nudity
image_2289.jpg,semi-nudity
image_2290.jpg,full-nudity
image_2291.jpg,full-nudity
image_2292.jpg,full-nudity
image_2293.jpg,full-nudity
image_2294.jpg,full-nudity
image_2295.jpg,semi-nudity
image_2296.jpg,semi-nudity
image_2297.jpg,semi-nudity
image_2298.jpg,semi-nudity
image_2299.jpg,full-nudity
image_2300.jpg,semi-nudity
image_2301.jpg,full-nudity
image_2302.jpg,semi-nudity
image_2303.jpg,full-nudity
image_2304.jpg,semi-nudity
image_2305.jpg,semi-nudity
image_2306.jpg,full-nudity
image_2307.jpg,semi-nudity
image_2308.jpg,full-nudity
image_2309.jpg,semi-nudity
image_2311.jpg,semi-nudity
image_2312.jpg,full-nudity
image_2314.jpg,semi-nudity
image_2315.jpg,full-nudity
image_2316.jpg,full-nudity
image_2318.jpg,full-nudity
image_2319.jpg,semi-nudity
image_2320.jpg,full-nudity
image_2321.jpg,full-nudity
image_2322.jpg,semi-nudity
image_2323.jpg,full-nudity
image_2324.jpg,semi-nudity
image_2325.jpg,semi-nudity
image_2326.jpg,full-nudity
image_2327.jpg,full-nudity
image_2328.jpg,full-nudity
image_2329.jpg,semi-nudity
image_2330.jpg,full-nudity
image_2331.jpg,full-nudity
image_2332.jpg,full-nudity
image_2333.jpg,full-nudity
image_2335.jpg,full-nudity
image_2336.jpg,full-nudity
image_2337.jpg,full-nudity
image_2338.jpg,full-nudity
image_2339.jpg,full-nudity
image_2340.jpg,semi-nudity
image_2341.jpg,semi-nudity
image_2342.jpg,semi-nudity
image_2343.jpg,semi-nudity
image_2344.jpg,full-nudity
image_2345.jpg,semi-nudity
image_2346.jpg,semi-nudity
image_2347.jpg,semi-nudity
image_2348.jpg,full-nudity
image_2349.jpg,semi-nudity
image_2350.jpg,full-nudity
image_2351.jpg,full-nudity
image_2352.jpg,semi-nudity
image_2353.jpg,full-nudity
image_2354.jpg,full-nudity
image_2356.jpg,full-nudity
image_2357.jpg,full-nudity
image_2358.jpg,full-nudity
image_2359.jpg,semi-nudity
image_2360.jpg,full-nudity
image_2361.jpg,semi-nudity
image_2362.jpg,full-nudity
image_2363.jpg,full-nudity
image_2364.jpg,semi-nudity
image_2365.jpg,full-nudity
image_2366.jpg,full-nudity
image_2367.jpg,semi-nudity
image_2369.jpg,full-nudity
image_2370.jpg,semi-nudity
image_2371.jpg,semi-nudity
image_2372.jpg,semi-nudity
image_2373.jpg,full-nudity
image_2374.jpg,semi-nudity
image_2375.jpg,full-nudity
image_2376.jpg,full-nudity
image_2377.jpg,full-nudity
image_2378.jpg,semi-nudity
image_2379.jpg,full-nudity
image_2380.jpg,full-nudity
image_2381.jpg,full-nudity
image_2382.jpg,semi-nudity
image_2383.jpg,semi-nudity
image_2384.jpg,semi-nudity
image_2385.jpg,full-nudity
image_2386.jpg,semi-nudity
image_2387.jpg,full-nudity
image_2389.jpg,semi-nudity
image_2390.jpg,semi-nudity
image_2391.jpg,full-nudity
image_2392.jpg,full-nudity
image_2393.jpg,full-nudity
image_2395.jpg,semi-nudity
image_2396.jpg,semi-nudity
image_2397.jpg,full-nudity
image_2398.jpg,semi-nudity
image_2399.jpg,full-nudity
image_2400.jpg,semi-nudity
image_2401.jpg,full-nudity
image_2402.jpg,full-nudity
image_2403.jpg,semi-nudity
image_2404.jpg,semi-nudity
image_2405.jpg,semi-nudity
image_2406.jpg,semi-nudity
image_2407.jpg,semi-nudity
image_2408.jpg,full-nudity
image_2409.jpg,full-nudity
image_2410.jpg,full-nudity
image_2411.jpg,full-nudity
image_2412.jpg,full-nudity
image_2413.jpg,semi-nudity
image_2414.jpg,full-nudity
image_2415.jpg,semi-nudity
image_2416.jpg,full-nudity
image_2417.jpg,semi-nudity
image_2418.jpg,semi-nudity
image_2419.jpg,full-nudity
image_2420.jpg,full-nudity
image_2422.jpg,full-nudity
image_2423.jpg,full-nudity
image_2424.jpg,full-nudity
image_2425.jpg,full-nudity
image_2426.jpg,semi-nudity
image_2427.jpg,full-nudity
image_2428.jpg,full-nudity
image_2429.jpg,full-nudity
image_2430.jpg,semi-nudity
image_2431.jpg,full-nudity
image_2432.jpg,full-nudity
image_2433.jpg,full-nudity
image_2434.jpg,full-nudity
image_2435.jpg,semi-nudity
image_2436.jpg,semi-nudity
image_2437.jpg,semi-nudity
image_2438.jpg,semi-nudity
image_2439.jpg,semi-nudity
image_2440.jpg,semi-nudity
image_2441.jpg,semi-nudity
image_2442.jpg,full-nudity
image_2443.jpg,semi-nudity
image_2444.jpg,semi-nudity
image_2445.jpg,full-nudity
image_2446.jpg,semi-nudity
image_2447.jpg,semi-nudity
image_2450.jpg,semi-nudity
image_2451.jpg,full-nudity
image_2452.jpg,semi-nudity
image_2453.jpg,semi-nudity
image_2454.jpg,full-nudity
image_2455.jpg,full-nudity
image_2456.jpg,semi-nudity
image_2457.jpg,full-nudity
image_2458.jpg,full-nudity
image_2459.jpg,full-nudity
image_2460.jpg,full-nudity
image_2461.jpg,semi-nudity
image_2462.jpg,full-nudity
image_2463.jpg,full-nudity
image_2464.jpg,semi-nudity
image_2465.jpg,full-nudity
image_2466.jpg,semi-nudity
image_2467.jpg,semi-nudity
image_2468.jpg,semi-nudity
image_2469.jpg,semi-nudity
image_2470.jpg,full-nudity
image_2471.jpg,full-nudity
image_2472.jpg,full-nudity
image_2473.jpg,full-nudity
image_2474.jpg,full-nudity
image_2475.jpg,full-nudity
image_2476.jpg,full-nudity
image_2477.jpg,full-nudity
image_2478.jpg,semi-nudity
